<?xml version="1.0" encoding="utf-8"?><xml><item id="59131626" name="Gamtos tyrimai"/><item id="59131627" name="Organizm&#x173; sandara ir funkcijos"/><item id="59131628" name="Gyvyb&#x117;s t&#x119;stinumas ir &#x12F;vairov&#x117;"/><item id="59131629" name="Organizmas ir aplinka. Biosfera ir &#x17E;mogus"/><item id="59131630" name="Med&#x17E;iag&#x173; sud&#x117;ties ir savybi&#x173; pa&#x17E;inimas"/><item id="59131631" name="Med&#x17E;iag&#x173; kitimai"/><item id="59131632" name="Med&#x17E;iag&#x173; pa&#x17E;inimas ir naudojimas"/><item id="59131633" name="Jud&#x117;jimo ir j&#x117;g&#x173; pa&#x17E;inimas"/><item id="59131634" name="Energijos ir fizikini&#x173; proces&#x173; pa&#x17E;inimas"/></xml>