<?xml version="1.0" encoding="utf-8"?>
<xml><id>3443</id><name>Kas yra difuzija?</name><author>Vardenis Pavardenis</author><descr>Stebėdami animacijas susipažinsite su difuzijos reiškiniu. Atlikdami virtualų bandymą išsiaiškinsite, kaip difuzijos greitis priklauso nuo temperatūros, koncentracijos ir medžiagų sąlyčio paviršiaus ploto.</descr><mo_data><set><topic id="59131627"/><rules>2.1. Apibūdinti pagrindinius augalo ir gyvūno ląstelių sandaros panašumus ir skirtumus, susiejant su ląstelių veikla. Paaiškinti ląstelių, audinių ir organų sandaros bei funkcijų ryšius.</rules><abilities></abilities><knowledge></knowledge></set><set><topic id="59131627"/><rules>2.1. Apibūdinti pagrindinius augalo ir gyvūno ląstelių sandaros panašumus ir skirtumus, susiejant su ląstelių veikla. Paaiškinti ląstelių, audinių ir organų sandaros bei funkcijų ryšius.</rules><abilities>2.1.2. Apibūdinti difuziją ir osmosą kaip puslaidės membranos funkciją reguliuoti medžiagų judėjimą į ląstelę ir iš jos.</abilities><knowledge></knowledge></set></mo_data><path>http://gamta7-8.mkp.emokykla.lt/uploads/files/3104_object_file_1_20130201.swf</path><favourite>false</favourite><bgcolor>000000</bgcolor><uribase>data/mo/</uribase><loggedin>0</loggedin><xmldata>http://gamta7-8.mkp.emokykla.lt/uploads/files/3104_object_file_1_20130201.swf</xmldata></xml>
