<?xml version="1.0" encoding="utf-8"?>
<xml><id>3279</id><name>Oro sudėtis</name><author>Vardenis Pavardenis</author><descr>Išsiaiškinsite, kokių dujų yra ore ir kokią tūrio dalį jos užima. Kopdami į Everestą sužinosite, kodėl alpinistams aukščiausiose viršukalnėse prireikia deguonies kaukių.</descr><mo_data><set><topic id="59131632"/><rules>7.1. Apibūdinti deguonies ir anglies apytaką (paprasčiausią) gamtoje.</rules><abilities></abilities><knowledge></knowledge></set><set><topic id="59131632"/><rules>7.2. Tiriamų medžiagų savybes sieti su jų naudojimu ir poveikiu žmogui.</rules><abilities></abilities><knowledge></knowledge></set><set><topic id="59131632"/><rules>7.1. Apibūdinti deguonies ir anglies apytaką (paprasčiausią) gamtoje.</rules><abilities>7.1.2. Paaiškinti deguonies ir anglies reikšmę gyvajai gamtai.</abilities><knowledge></knowledge></set><set><topic id="59131632"/><rules>7.2. Tiriamų medžiagų savybes sieti su jų naudojimu ir poveikiu žmogui.</rules><abilities>7.2.1. Apibūdinti kokybinę oro sudėtį.</abilities><knowledge></knowledge></set><set><topic id="59131632"/><rules>7.2. Tiriamų medžiagų savybes sieti su jų naudojimu ir poveikiu žmogui.</rules><abilities>7.2.2. Pateikti deguonies naudojimo pavyzdžių ir sieti juos su jo savybėmis.</abilities><knowledge></knowledge></set></mo_data><path>http://gamta7-8.mkp.emokykla.lt/uploads/files/1865_object_file_1_20130201.swf</path><favourite>false</favourite><bgcolor>000000</bgcolor><uribase>data/mo/</uribase><loggedin>0</loggedin><xmldata>http://gamta7-8.mkp.emokykla.lt/uploads/files/1865_object_file_1_20130201.swf</xmldata></xml>
