﻿<?xml version="1.0" encoding="utf-8"?>
<xml >
     <chTableElement  
	 	atomNumber="1" 
		symbol="H" 
		name="Vandenilis" 
		atomicMass="1,01"
		ePosition="1"
		density="0,00008"
		boilingPoint="–252,87"
		meltingTemperature="–259,14"
		spread="0,14 proc."
		year="1766"
		radioactivity="Neradioaktyvus"/>
	 <chTableElement  
	 	atomNumber="2" 
		symbol="He" 
		name="Helis" 
		atomicMass="4,00"
		ePosition="2"
		density="0,00017"
		boilingPoint="–268,93"
		meltingTemperature="–272,2"
		spread="8•10-7 proc."
		year="1895"
		radioactivity="Neradioaktyvus" />
	 <chTableElement  
	 	atomNumber="3" 
		symbol="Li" 
		name="Litis" 
		atomicMass="6,94"
		ePosition="2, 1"
		density="0,535"
		boilingPoint="1342"
		meltingTemperature="180,54"
		spread="0,002 proc."
		year="1817"
		radioactivity="Neradioaktyvus" />
	<chTableElement  
	 	atomNumber="4" 
		symbol="Be" 
		name="Berilis" 
		atomicMass="9,01"
		ePosition="2, 2"
		density="1,85"
		boilingPoint="2469"
		meltingTemperature="1287"
		spread="2,8•10-4 proc."
		year="1797"
		radioactivity="Neradioaktyvus" />
	<chTableElement  
	 	atomNumber="5" 
		symbol="B" 
		name="Boras" 
		atomicMass="10,81"
		ePosition="2, 3"
		density="2,46"
		boilingPoint="3927"
		meltingTemperature="2076"
		spread="0,001 proc."
		year="1808"
		radioactivity="Neradioaktyvus" />
	<chTableElement  
	 	atomNumber="6" 
		symbol="C" 
		name="Anglis" 
		atomicMass="12,01"
		ePosition="2, 4"
		density="2,267"
		boilingPoint="4027"
		meltingTemperature="3500"
		spread="0,02 proc."
		year="nežinoma"
		radioactivity="Neradioaktyvus" />
	<chTableElement  
	 	atomNumber="7" 
		symbol="N" 
		name="Azotas" 
		atomicMass="14,01"
		ePosition="2, 5"
		density="0,00117"
		boilingPoint="–195,79"
		meltingTemperature="–210,1"
		spread="0,0019 proc."
		year="1772"
		radioactivity="Neradioaktyvus" />
	<chTableElement  
	 	atomNumber="8" 
		symbol="O" 
		name="Deguonis" 
		atomicMass="16,00"
		ePosition="2, 6"
		density="0,00133"
		boilingPoint="–182,9"
		meltingTemperature="–218,3"
		spread="46,1 proc."
		year="1774"
		radioactivity="Neradioaktyvus" />
	<chTableElement  
	 	atomNumber="9" 
		symbol="F" 
		name="Fluoras" 
		atomicMass="19,00"
		ePosition="2, 7"
		density="0,00158"
		boilingPoint="–188,12"
		meltingTemperature="–219,62"
		spread="0,0585 proc."
		year="1886"
		radioactivity="Neradioaktyvus" />
	<chTableElement  
	 	atomNumber="10" 
		symbol="Ne" 
		name="Neonas" 
		atomicMass="20,18"
		ePosition="2, 8"
		density="0,00084"
		boilingPoint="–246,08"
		meltingTemperature="–248,59"
		spread="5•10-7 proc."
		year="1898"
		radioactivity="Neradioaktyvus" />
	<chTableElement  
	 	atomNumber="11" 
		symbol="Na" 
		name="Natris" 
		atomicMass="22,99"
		ePosition="2, 8, 1"
		density="0,97"
		boilingPoint="883"
		meltingTemperature="97,72"
		spread="2,36 proc."
		year="1807"
		radioactivity="Neradioaktyvus" />
	<chTableElement  
	 	atomNumber="12" 
		symbol="Mg" 
		name="Magnis" 
		atomicMass="24,31"
		ePosition="2, 8, 2"
		density="1,74"
		boilingPoint="1090"
		meltingTemperature="650"
		spread="2,33 proc."
		year="1755"
		radioactivity="Neradioaktyvus" />
	<chTableElement  
	 	atomNumber="13" 
		symbol="Al" 
		name="Aliuminis" 
		atomicMass="26,98"
		ePosition="2, 8, 3"
		density="2,70"
		boilingPoint="2519"
		meltingTemperature="660,32"
		spread="8,23 proc."
		year="1825"
		radioactivity="Neradioaktyvus" />
	<chTableElement  
	 	atomNumber="14" 
		symbol="Si" 
		name="Silicis" 
		atomicMass="28,09"
		ePosition="2, 8, 4"
		density="2,33"
		boilingPoint="2900"
		meltingTemperature="1414"
		spread="28,82 proc."
		year="1824"
		radioactivity="Neradioaktyvus" />
	<chTableElement  
	 	atomNumber="15" 
		symbol="P" 
		name="Fosforas" 
		atomicMass="30,97"
		ePosition="2, 8, 5"
		density="1,823"
		boilingPoint="277"
		meltingTemperature="44,2"
		spread="0,105 proc."
		year="1669"
		radioactivity="Neradioaktyvus" />
	<chTableElement  
	 	atomNumber="16" 
		symbol="S" 
		name="Siera" 
		atomicMass="32,07"
		ePosition="2, 8, 6"
		density="1,96"
		boilingPoint="444,72"
		meltingTemperature="115,21"
		spread="0,035 proc."
		year="nežinoma"
		radioactivity="Neradioaktyvus" />
	<chTableElement  
	 	atomNumber="17" 
		symbol="Cl" 
		name="Chloras" 
		atomicMass="35,45"
		ePosition="2, 8, 7"
		density="0,00299"
		boilingPoint="–34,04"
		meltingTemperature="–101,5"
		spread="0,0145 proc."
		year="1774"
		radioactivity="Neradioaktyvus" />
	<chTableElement  
	 	atomNumber="18" 
		symbol="Ar" 
		name="Argonas" 
		atomicMass="39,95"
		ePosition="2, 8, 8"
		density="0,00166"
		boilingPoint="–185,8"
		meltingTemperature="–189,3"
		spread="3,5•10-4 proc."
		year="1894"
		radioactivity="Neradioaktyvus" />
	<chTableElement  
	 	atomNumber="19" 
		symbol="K" 
		name="Kalis" 
		atomicMass="39,10"
		ePosition="2, 8, 8, 1"
		density="0,86"
		boilingPoint="759"
		meltingTemperature="63,38"
		spread="2,09 proc."
		year="1807"
		radioactivity="Neradioaktyvus" />
	<chTableElement  
	 	atomNumber="20" 
		symbol="Ca" 
		name="Kalcis" 
		atomicMass="40,08"
		ePosition="2, 8, 8, 2"
		density="1,55"
		boilingPoint="1484"
		meltingTemperature="842"
		spread="4,15 proc."
		year="1808"
		radioactivity="Neradioaktyvus" />
	<chTableElement  
	 	atomNumber="21" 
		symbol="Sc" 
		name="Skandis" 
		atomicMass="44,96"
		ePosition="2, 8, 9, 2"
		density="2,99"
		boilingPoint="2830"
		meltingTemperature="1541"
		spread="0,0022 proc."
		year="1879"
		radioactivity="Neradioaktyvus" />
	<chTableElement  
	 	atomNumber="22" 
		symbol="Ti" 
		name="Titanas" 
		atomicMass="47,87"
		ePosition="2, 8, 10, 2"
		density="4,51"
		boilingPoint="3287"
		meltingTemperature="1668"
		spread="0,565 proc."
		year="1791"
		radioactivity="Neradioaktyvus" />
	<chTableElement  
	 	atomNumber="23" 
		symbol="V" 
		name="Vanadis" 
		atomicMass="50,94"
		ePosition="2, 8, 11, 2"
		density="6,11"
		boilingPoint="3407"
		meltingTemperature="1910"
		spread="0,012 proc."
		year="1801"
		radioactivity="Neradioaktyvus" />
	<chTableElement  
	 	atomNumber="24" 
		symbol="Cr" 
		name="Chromas" 
		atomicMass="52,00"
		ePosition="2, 8, 13, 1"
		density="7,14"
		boilingPoint="2671"
		meltingTemperature="1907"
		spread="0,0102 proc."
		year="1797"
		radioactivity="Neradioaktyvus" />
	<chTableElement  
	 	atomNumber="25" 
		symbol="Mn" 
		name="Manganas" 
		atomicMass="54,94"
		ePosition="2, 8, 13, 2"
		density="7,47"
		boilingPoint="2061"
		meltingTemperature="1246"
		spread="0,095 proc."
		year="1774"
		radioactivity="Neradioaktyvus" />
	<chTableElement  
	 	atomNumber="26" 
		symbol="Fe" 
		name="Geležis" 
		atomicMass="55,85"
		ePosition="2, 8, 14, 2"
		density="7,87"
		boilingPoint="2861"
		meltingTemperature="1538"
		spread="5,63 proc."
		year="nežinoma"
		radioactivity="Neradioaktyvus" />
	<chTableElement  
	 	atomNumber="27" 
		symbol="Co" 
		name="Kobaltas" 
		atomicMass="58,93"
		ePosition="2, 8, 15, 2"
		density="8,90"
		boilingPoint="2927"
		meltingTemperature="1495"
		spread="0,0025 proc."
		year="1735"
		radioactivity="Neradioaktyvus" />
	<chTableElement  
	 	atomNumber="28" 
		symbol="Ni" 
		name="Nikelis" 
		atomicMass="58,69"
		ePosition="2, 8, 16, 2"
		density="8,91"
		boilingPoint="2913"
		meltingTemperature="1455"
		spread="0,0084 proc."
		year="1751"
		radioactivity="Neradioaktyvus" />
	<chTableElement  
	 	atomNumber="29" 
		symbol="Cu" 
		name="Varis" 
		atomicMass="63,55"
		ePosition="2, 8, 18, 1"
		density="8,92"
		boilingPoint="2927"
		meltingTemperature="1084,62"
		spread="0,006 proc."
		year="nežinoma"
		radioactivity="Neradioaktyvus" />
	<chTableElement  
	 	atomNumber="30" 
		symbol="Zn" 
		name="Cinkas" 
		atomicMass="65,39"
		ePosition="2, 8, 18, 2"
		density="7,14"
		boilingPoint="907"
		meltingTemperature="419,53"
		spread="0,007 proc."
		year="1746"
		radioactivity="Neradioaktyvus" />
	<chTableElement  
	 	atomNumber="31" 
		symbol="Ga" 
		name="Galis" 
		atomicMass="69,72"
		ePosition="2, 8, 18, 3"
		density="5,90"
		boilingPoint="2204"
		meltingTemperature="29,76"
		spread="0,0019 proc."
		year="1875"
		radioactivity="Neradioaktyvus" />
	<chTableElement  
	 	atomNumber="32" 
		symbol="Ge" 
		name="Germanis" 
		atomicMass="72,61"
		ePosition="2, 8, 18, 4"
		density="5,32"
		boilingPoint="2820"
		meltingTemperature="938,3"
		spread="1,5•10-4 proc."
		year="1886"
		radioactivity="Neradioaktyvus" />
	<chTableElement  
	 	atomNumber="33" 
		symbol="As" 
		name="Arsenas" 
		atomicMass="74,92"
		ePosition="2, 8, 18, 5"
		density="5,73"
		boilingPoint="614"
		meltingTemperature="817"
		spread="1,8•10-4 proc."
		year="nežinoma"
		radioactivity="Neradioaktyvus" />
	<chTableElement  
	 	atomNumber="34" 
		symbol="Se" 
		name="Selenas" 
		atomicMass="78,96"
		ePosition="2, 8, 18, 6"
		density="4,82"
		boilingPoint="685"
		meltingTemperature="221"
		spread="5•10-6 proc."
		year="1817"
		radioactivity="Neradioaktyvus" />
	<chTableElement  
	 	atomNumber="35" 
		symbol="Br" 
		name="Bromas" 
		atomicMass="79,90"
		ePosition="2, 8, 18, 7"
		density="3,12"
		boilingPoint="59"
		meltingTemperature="–7,3"
		spread="2,4•10-4 proc."
		year="1826"
		radioactivity="Neradioaktyvus" />
	<chTableElement  
	 	atomNumber="36" 
		symbol="Kr" 
		name="Kriptonas" 
		atomicMass="83,8"
		ePosition="2, 8, 18, 8"
		density="0,00346"
		boilingPoint="–153,22"
		meltingTemperature="–157,36"
		spread="1•10-8 proc."
		year="1898"
		radioactivity="Neradioaktyvus" />
	<chTableElement  
	 	atomNumber="37" 
		symbol="Rb" 
		name="Rubidis" 
		atomicMass="85,47"
		ePosition="2, 8, 18, 8, 1"
		density="1,53"
		boilingPoint="688"
		meltingTemperature="39,31"
		spread="0,009 proc."
		year="1861"
		radioactivity="Neradioaktyvus" />
	<chTableElement  
	 	atomNumber="38" 
		symbol="Sr" 
		name="Stroncis" 
		atomicMass="87,62"
		ePosition="2, 8, 18, 8, 2"
		density="2,63"
		boilingPoint="1382"
		meltingTemperature="777"
		spread="0,037 proc."
		year="1790"
		radioactivity="Neradioaktyvus" />
	<chTableElement  
	 	atomNumber="39" 
		symbol="Y" 
		name="Itris" 
		atomicMass="88,91"
		ePosition="2, 8, 18, 9, 2"
		density="4,47"
		boilingPoint="3336"
		meltingTemperature="1526"
		spread="0,0033 proc."
		year="1794"
		radioactivity="Neradioaktyvus" />
	<chTableElement  
	 	atomNumber="40" 
		symbol="Zr" 
		name="Cirkonis" 
		atomicMass="91,22"
		ePosition="2, 8, 18, 10, 2"
		density="6,51"
		boilingPoint="4409"
		meltingTemperature="1855"
		spread="0,0165 proc."
		year="1789"
		radioactivity="Neradioaktyvus" />
	<chTableElement  
	 	atomNumber="41" 
		symbol="Nb" 
		name="Niobis" 
		atomicMass="92,91"
		ePosition="2, 8, 18, 12, 1"
		density="8,57"
		boilingPoint="4744"
		meltingTemperature="2477"
		spread="0,002 proc."
		year="1801"
		radioactivity="Neradioaktyvus" />
	<chTableElement  
	 	atomNumber="42" 
		symbol="Mo" 
		name="Molibdenas" 
		atomicMass="95,96"
		ePosition="2, 8, 18, 13, 1"
		density="10,28"
		boilingPoint="4639"
		meltingTemperature="2623"
		spread="1,2•10-4 proc."
		year="1781"
		radioactivity="Neradioaktyvus" />
	<chTableElement  
	 	atomNumber="43" 
		symbol="Tc" 
		name="Technecis" 
		atomicMass="98"
		ePosition="2, 8, 18, 14, 1"
		density="11,50"
		boilingPoint="4265"
		meltingTemperature="2157"
		spread="Dirbtinis"
		year="1937"
		radioactivity="Radioaktyvus" />
	<chTableElement  
	 	atomNumber="44" 
		symbol="Ru" 
		name="Rutenis" 
		atomicMass="101,07"
		ePosition="2, 8, 18, 15, 1"
		density="12,37"
		boilingPoint="4150"
		meltingTemperature="2334"
		spread="1•10-7 proc."
		year="1844"
		radioactivity="Neradioaktyvus" />
	<chTableElement  
	 	atomNumber="45" 
		symbol="Rh" 
		name="Rodis" 
		atomicMass="102,91"
		ePosition="2, 8, 18, 16, 1"
		density="12,45"
		boilingPoint="3695"
		meltingTemperature="1964"
		spread="1•10-7 proc."
		year="1803"
		radioactivity="Neradioaktyvus" />
	<chTableElement  
	 	atomNumber="46" 
		symbol="Pd" 
		name="Paladis" 
		atomicMass="106,42"
		ePosition="2, 8, 18, 18"
		density="12,02"
		boilingPoint="2963"
		meltingTemperature="1554,9"
		spread="1,5•10-6 proc."
		year="1803"
		radioactivity="Neradioaktyvus" />
	<chTableElement  
	 	atomNumber="47" 
		symbol="Ag" 
		name="Sidabras" 
		atomicMass="107,87"
		ePosition="2, 8, 18, 18, 1"
		density="10,49"
		boilingPoint="2162"
		meltingTemperature="961,78"
		spread="7,5•10-6 proc."
		year="nežinoma"
		radioactivity="Neradioaktyvus" />
	<chTableElement  
	 	atomNumber="48" 
		symbol="Cd" 
		name="Kadmis" 
		atomicMass="112,41"
		ePosition="2, 8, 18, 18, 2"
		density="8,65"
		boilingPoint="767"
		meltingTemperature="321,07"
		spread="1,5•10-5 proc."
		year="1817"
		radioactivity="Neradioaktyvus" />
	<chTableElement  
	 	atomNumber="49" 
		symbol="In" 
		name="Indis" 
		atomicMass="114,82"
		ePosition="2, 8, 18, 18, 3"
		density="7,31"
		boilingPoint="2072"
		meltingTemperature="156,6"
		spread="2,5•10-5 proc."
		year="1863"
		radioactivity="Neradioaktyvus" />
	<chTableElement  
	 	atomNumber="50" 
		symbol="Sn" 
		name="Alavas" 
		atomicMass="118,71"
		ePosition="2, 8, 18, 18, 4"
		density="7,31"
		boilingPoint="2602"
		meltingTemperature="231,93"
		spread="2,3•10-4 proc."
		year="nežinoma"
		radioactivity="Neradioaktyvus" />
	<chTableElement  
	 	atomNumber="51" 
		symbol="Sb" 
		name="Stibis" 
		atomicMass="121,76"
		ePosition="2, 8, 18, 18, 5"
		density="6,70"
		boilingPoint="1587"
		meltingTemperature="630,63"
		spread="2•10-5 proc."
		year="Nežinoma"
		radioactivity="Neradioaktyvus" />
	<chTableElement  
	 	atomNumber="52" 
		symbol="Te" 
		name="Telūras" 
		atomicMass="127,6"
		ePosition="2, 8, 18, 18, 6"
		density="6,24"
		boilingPoint="988"
		meltingTemperature="449,51"
		spread="1•10-7 proc."
		year="1783"
		radioactivity="Neradioaktyvus" />
	<chTableElement  
	 	atomNumber="53" 
		symbol="I" 
		name="Jodas" 
		atomicMass="126,90"
		ePosition="2, 8, 18, 18, 7"
		density="4,94"
		boilingPoint="184,3"
		meltingTemperature="113,7"
		spread="4,5•10-5 proc."
		year="1811"
		radioactivity="Neradioaktyvus" />
	<chTableElement  
	 	atomNumber="54" 
		symbol="Xe" 
		name="Ksenonas" 
		atomicMass="131,30"
		ePosition="2, 8, 18, 18, 8"
		density="0,0055"
		boilingPoint="–108"
		meltingTemperature="–111,7"
		spread="3•10-9 proc."
		year="1898"
		radioactivity="Neradioaktyvus" />
	<chTableElement  
	 	atomNumber="55" 
		symbol="Cs" 
		name="Cezis" 
		atomicMass="132,91"
		ePosition="2, 8, 18, 18, 8, 1"
		density="1,88"
		boilingPoint="671"
		meltingTemperature="28,44"
		spread="3•10-4 proc."
		year="1860"
		radioactivity="Neradioaktyvus" />
	<chTableElement  
	 	atomNumber="56" 
		symbol="Ba" 
		name="Baris" 
		atomicMass="137,33"
		ePosition="2, 8, 18, 18, 8, 2"
		density="3,51"
		boilingPoint="1870"
		meltingTemperature="727"
		spread="0,045 proc."
		year="1808"
		radioactivity="Neradioaktyvus" />
	<chTableElement  
	 	atomNumber="57" 
		symbol="La" 
		name="Lantanas" 
		atomicMass="138,91"
		ePosition="2, 8, 18, 18, 9, 2"
		density="6,15"
		boilingPoint="3470"
		meltingTemperature="920"
		spread="0,0039 proc."
		year="1839"
		radioactivity="Neradioaktyvus" />
	<chTableElement  
	 	atomNumber="58" 
		symbol="Ce" 
		name="Ceris" 
		atomicMass="140,12"
		ePosition="2, 8, 18, 19, 9, 2"
		density="6,69"
		boilingPoint="3360"
		meltingTemperature="795"
		spread="0,00665 proc."
		year="1803"
		radioactivity="Neradioaktyvus" />
	<chTableElement  
	 	atomNumber="59" 
		symbol="Pr" 
		name="Prazeodimis" 
		atomicMass="140,91"
		ePosition="2, 8, 18, 21, 8, 2"
		density="6,64"
		boilingPoint="3290"
		meltingTemperature="935"
		spread="9,2•10-4 proc."
		year="1885"
		radioactivity="Neradioaktyvus" />
	<chTableElement  
	 	atomNumber="60" 
		symbol="Nd" 
		name="Neodimis" 
		atomicMass="144,24"
		ePosition="2, 8, 18, 22, 8, 2"
		density="6,80"
		boilingPoint="3100"
		meltingTemperature="1024"
		spread="0,00415 proc."
		year="1885"
		radioactivity="Neradioaktyvus" />
	<chTableElement  
	 	atomNumber="61" 
		symbol="Pm" 
		name="Prometis" 
		atomicMass="145"
		ePosition="2, 8, 18, 23, 8, 2"
		density="7,26"
		boilingPoint="3000"
		meltingTemperature="1100"
		spread="Dirbtinis"
		year="1945"
		radioactivity="Neradioaktyvus" />
	<chTableElement  
	 	atomNumber="62" 
		symbol="Sm" 
		name="Samaris" 
		atomicMass="150,36"
		ePosition="2, 8, 18, 24, 8, 2"
		density="7,35"
		boilingPoint="1803"
		meltingTemperature="1072"
		spread="7,05•10-4 proc."
		year="1879"
		radioactivity="Neradioaktyvus" />
	<chTableElement  
	 	atomNumber="63" 
		symbol="Eu" 
		name="Europis" 
		atomicMass="151,96"
		ePosition="2, 8, 18, 25, 8, 2"
		density="5,24"
		boilingPoint="1527"
		meltingTemperature="826"
		spread="2,0•10-4 proc."
		year="1901"
		radioactivity="Neradioaktyvus" />	
	<chTableElement  
	 	atomNumber="64" 
		symbol="Gd" 
		name="Gadolinis" 
		atomicMass="157,25"
		ePosition="2, 8, 18, 25, 9, 2"
		density="7,90"
		boilingPoint="3250"
		meltingTemperature="1312"
		spread="6,2•10-4 proc."
		year="1880"
		radioactivity="Neradioaktyvus" />
	<chTableElement  
	 	atomNumber="65" 
		symbol="Tb" 
		name="Terbis" 
		atomicMass="158,93"
		ePosition="2, 8, 18, 27, 8, 2"
		density="8,22"
		boilingPoint="3230"
		meltingTemperature="1356"
		spread="1,2•10-4 proc."
		year="1843"
		radioactivity="Neradioaktyvus" />
	<chTableElement  
	 	atomNumber="66" 
		symbol="Dy" 
		name="Disprozis" 
		atomicMass="162,5"
		ePosition="2, 8, 18, 28, 8, 2"
		density="8,55"
		boilingPoint="2567"
		meltingTemperature="1407"
		spread="5,2•10-4 proc."
		year="1886"
		radioactivity="Neradioaktyvus" />
	<chTableElement  
	 	atomNumber="67" 
		symbol="Ho" 
		name="Holmis" 
		atomicMass="164,93"
		ePosition="2, 8, 18, 29, 8, 2"
		density="8,80"
		boilingPoint="2720"
		meltingTemperature="1461"
		spread="1,3•10-4 proc."
		year="1878"
		radioactivity="Neradioaktyvus" />	
	<chTableElement  
	 	atomNumber="68" 
		symbol="Er" 
		name="Erbis" 
		atomicMass="167,26"
		ePosition="2, 8, 18, 30, 8, 2"
		density="9,07"
		boilingPoint="2868"
		meltingTemperature="1529"
		spread="3,5•10-4 proc."
		year="1842"
		radioactivity="Neradioaktyvus" />
	<chTableElement  
	 	atomNumber="69" 
		symbol="Tm" 
		name="Tulis" 
		atomicMass="168,93"
		ePosition="2, 8, 18, 31, 8, 2"
		density="9,32"
		boilingPoint="1950"
		meltingTemperature="1545"
		spread="5,2•10-5 proc."
		year="1879"
		radioactivity="Neradioaktyvus" />
	<chTableElement  
	 	atomNumber="70" 
		symbol="Yb" 
		name="Iterbis" 
		atomicMass="173,05"
		ePosition="2, 8, 18, 32, 8, 2"
		density="6,57"
		boilingPoint="1196"
		meltingTemperature="824"
		spread="3,2•10-4 proc."
		year="1878"
		radioactivity="Neradioaktyvus" />
	<chTableElement  
	 	atomNumber="71" 
		symbol="Lu" 
		name="Liutecis" 
		atomicMass="174,97"
		ePosition="2, 8, 18, 32, 9, 2"
		density="9,84"
		boilingPoint="3402"
		meltingTemperature="1652"
		spread="8•10-5 proc."
		year="1907"
		radioactivity="Neradioaktyvus" />
	<chTableElement  
	 	atomNumber="72" 
		symbol="Hf" 
		name="Hafnis" 
		atomicMass="178,49"
		ePosition="2, 8, 18, 32, 10, 2"
		density="13,31"
		boilingPoint="4603"
		meltingTemperature="2233"
		spread="3,0•10-4 proc."
		year="1923"
		radioactivity="Neradioaktyvus" />
	<chTableElement  
	 	atomNumber="73" 
		symbol="Ta" 
		name="Tantalas" 
		atomicMass="180,95"
		ePosition="2, 8, 18, 32, 11, 2"
		density="16,65"
		boilingPoint="5458"
		meltingTemperature="3017"
		spread="2,0•10-4 proc."
		year="1802"
		radioactivity="Neradioaktyvus" />
	<chTableElement  
	 	atomNumber="74" 
		symbol="W" 
		name="Volframas" 
		atomicMass="183,84"
		ePosition="2, 8, 18, 32, 12, 2"
		density="19,25"
		boilingPoint="5555"
		meltingTemperature="3422"
		spread="1,25•10-4 proc."
		year="1783"
		radioactivity="Neradioaktyvus" />
	<chTableElement  
	 	atomNumber="75" 
		symbol="Re" 
		name="Renis" 
		atomicMass="186,21"
		ePosition="2, 8, 18, 32, 13, 2"
		density="21,02"
		boilingPoint="5596"
		meltingTemperature="3186"
		spread="7•10-8 proc."
		year="1925"
		radioactivity="Neradioaktyvus" />
	<chTableElement  
	 	atomNumber="76" 
		symbol="Os" 
		name="Osmis" 
		atomicMass="190,23"
		ePosition="2, 8, 18, 32, 14, 2"
		density="22,61"
		boilingPoint="5012"
		meltingTemperature="3033"
		spread="1,5•10-7 proc."
		year="1803"
		radioactivity="Neradioaktyvus" />
	<chTableElement  
	 	atomNumber="77" 
		symbol="Ir" 
		name="Iridis" 
		atomicMass="192,22"
		ePosition="2, 8, 18, 32, 15, 2"
		density="22,65"
		boilingPoint="4428"
		meltingTemperature="2466"
		spread="1•10-7 proc."
		year="1803"
		radioactivity="Neradioaktyvus" />
	<chTableElement  
	 	atomNumber="78" 
		symbol="Pt" 
		name="Platina" 
		atomicMass="195,08"
		ePosition="2, 8, 18, 32, 17, 1"
		density="21,09"
		boilingPoint="3825"
		meltingTemperature="1768,3"
		spread="5•10-7 proc."
		year="1735"
		radioactivity="Neradioaktyvus" />
	<chTableElement  
	 	atomNumber="79" 
		symbol="Au" 
		name="Auksas" 
		atomicMass="196,97"
		ePosition="2, 8, 18, 32, 18, 1"
		density="19,3"
		boilingPoint="2856"
		meltingTemperature="1064,18"
		spread="4•10-7 proc."
		year="nežinoma"
		radioactivity="Neradioaktyvus" />
	<chTableElement  
	 	atomNumber="80" 
		symbol="Hg" 
		name="Gyvsidabris" 
		atomicMass="200,59"
		ePosition="2, 8, 18, 32, 18, 2"
		density="13,55"
		boilingPoint="356,73"
		meltingTemperature="–38,83"
		spread="8,5•10-6 proc."
		year="nežinoma"
		radioactivity="Neradioaktyvus" />
	<chTableElement  
	 	atomNumber="81" 
		symbol="Tl" 
		name="Talis" 
		atomicMass="204,38"
		ePosition="2, 8, 18, 32, 18, 3"
		density="11,85"
		boilingPoint="1473"
		meltingTemperature="304"
		spread="8,5•10-5 proc."
		year="1861"
		radioactivity="Neradioaktyvus" />
	<chTableElement  
	 	atomNumber="82" 
		symbol="Pb" 
		name="Švinas" 
		atomicMass="207,2"
		ePosition="2, 8, 18, 32, 18, 4"
		density="11,34"
		boilingPoint="1749"
		meltingTemperature="327,46"
		spread="0,0014 proc."
		year="nežinoma"
		radioactivity="Neradioaktyvus" />
	<chTableElement  
	 	atomNumber="83" 
		symbol="Bi" 
		name="Bismutas" 
		atomicMass="208,98"
		ePosition="2, 8, 18, 32, 18, 5"
		density="9,78"
		boilingPoint="1564"
		meltingTemperature="271,3"
		spread="8,5•10-7 proc."
		year="nežinoma"
		radioactivity="Neradioaktyvus" />
	<chTableElement  
	 	atomNumber="84" 
		symbol="Po" 
		name="Polonis" 
		atomicMass="209"
		ePosition="2, 8, 18, 32, 18, 6"
		density="9,20"
		boilingPoint="962"
		meltingTemperature="254"
		spread="2•10-14 proc."
		year="1898"
		radioactivity="Radioaktyvus" />
	<chTableElement  
	 	atomNumber="85" 
		symbol="At" 
		name="Astatas" 
		atomicMass="210"
		ePosition="2, 8, 18, 32, 18, 7"
		density="6,4"
		boilingPoint="Nėra duomenų"
		meltingTemperature="302"
		spread="Nėra duomenų"
		year="1940"
		radioactivity="Radioaktyvus" />
	<chTableElement  
	 	atomNumber="86" 
		symbol="Rn" 
		name="Radonas" 
		atomicMass="222"
		ePosition="2, 8, 18, 32, 18, 8"
		density="0,00907"
		boilingPoint="–61,7"
		meltingTemperature="–71"
		spread="4•10-17 proc."
		year="1900"
		radioactivity="Radioaktyvus" />
	<chTableElement  
	 	atomNumber="87" 
		symbol="Fr" 
		name="Francis" 
		atomicMass="223"
		ePosition="2, 8, 18, 32, 18, 8, 1"
		density="2,9"
		boilingPoint="Nėra duomenų"
		meltingTemperature="Apie 30"
		spread="Nėra duomenų"
		year="1939"
		radioactivity="Radioaktyvus" />
	<chTableElement  
	 	atomNumber="88" 
		symbol="Ra" 
		name="Radis" 
		atomicMass="226"
		ePosition="2, 8, 18, 32, 18, 8, 2"
		density="5,0"
		boilingPoint="1737"
		meltingTemperature="700"
		spread="9•10-11 proc."
		year="1898"
		radioactivity="Radioaktyvus" />
	<chTableElement  
	 	atomNumber="89" 
		symbol="Ac" 
		name="Aktinis" 
		atomicMass="227"
		ePosition="2, 8, 18, 32, 18, 9, 2"
		density="10,07"
		boilingPoint="3300"
		meltingTemperature="1050"
		spread="5,5•10-14 proc."
		year="1899"
		radioactivity="Radioaktyvus" />
	<chTableElement  
	 	atomNumber="90" 
		symbol="Th" 
		name="Toris" 
		atomicMass="232,04"
		ePosition="2, 8, 18, 32, 18, 10, 2"
		density="11,72"
		boilingPoint="4820"
		meltingTemperature="1842"
		spread="9,6•10-4 proc."
		year="1829"
		radioactivity="Radioaktyvus" />
	<chTableElement  
	 	atomNumber="91" 
		symbol="Pa" 
		name="Protaktinis" 
		atomicMass="231,04"
		ePosition="2, 8, 18, 32, 20, 9, 2"
		density="15,37"
		boilingPoint="Nėra duomenų"
		meltingTemperature="1568"
		spread="1,4•10-10 proc."
		year="1913"
		radioactivity="Radioaktyvus" />
	<chTableElement  
	 	atomNumber="92" 
		symbol="U" 
		name="Uranas" 
		atomicMass="238,03"
		ePosition="2, 8, 18, 32, 21, 9, 2"
		density="19,05"
		boilingPoint="3927"
		meltingTemperature="1132,2"
		spread="2,7•10-4 proc."
		year="1789"
		radioactivity="Radioaktyvus" />
	<chTableElement  
	 	atomNumber="93" 
		symbol="Ne" 
		name="Neptūnis" 
		atomicMass="237"
		ePosition="2, 8, 18, 32, 22, 9, 2"
		density="20,45"
		boilingPoint="4000"
		meltingTemperature="637"
		spread="Dirbtinis"
		year="1940"
		radioactivity="Radioaktyvus" />
	<chTableElement  
	 	atomNumber="94" 
		symbol="Pu" 
		name="Plutonis" 
		atomicMass="244"
		ePosition="2, 8, 18, 32, 24, 8, 2"
		density="19,82"
		boilingPoint="3230"
		meltingTemperature="639,4"
		spread="Dirbtinis"
		year="1940"
		radioactivity="Radioaktyvus" />
	<chTableElement  
	 	atomNumber="95" 
		symbol="Am" 
		name="Americis" 
		atomicMass="243"
		ePosition="2, 8, 18, 32, 25, 8, 2"
		density="Nėra duomenų"
		boilingPoint="2607"
		meltingTemperature="1176"
		spread="Dirbtinis"
		year="1944"
		radioactivity="Radioaktyvus" />
	<chTableElement  
	 	atomNumber="96" 
		symbol="Cm" 
		name="Kiuris" 
		atomicMass="247"
		ePosition="2, 8, 18, 32, 25, 9, 2"
		density="13,51"
		boilingPoint="3110"
		meltingTemperature="1340"
		spread="Dirbtinis"
		year="1944"
		radioactivity="Radioaktyvus" />
	<chTableElement  
	 	atomNumber="97" 
		symbol="Bk" 
		name="Berklis" 
		atomicMass="247"
		ePosition="2, 8, 18, 32, 27, 8, 2"
		density="14,78"
		boilingPoint="Nėra duomenų"
		meltingTemperature="986"
		spread="Dirbtinis"
		year="1949"
		radioactivity="Radioaktyvus" />
	<chTableElement  
	 	atomNumber="98" 
		symbol="Cf" 
		name="Kalifornis" 
		atomicMass="251"
		ePosition="2, 8, 18, 32, 28, 8, 2"
		density="15,1"
		boilingPoint="Nėra duomenų"
		meltingTemperature="900"
		spread="Dirbtinis"
		year="1950"
		radioactivity="Radioaktyvus" />
	<chTableElement  
	 	atomNumber="99" 
		symbol="Es" 
		name="Einšteinis" 
		atomicMass="252"
		ePosition="2, 8, 18, 32, 29, 8, 2"
		density="13,5"
		boilingPoint="Nėra duomenų"
		meltingTemperature="860"
		spread="Dirbtinis"
		year="1952"
		radioactivity="Radioaktyvus" />
	<chTableElement  
	 	atomNumber="100" 
		symbol="Fm" 
		name="Fermis" 
		atomicMass="257"
		ePosition="2, 8, 18, 32, 30, 8, 2"
		density="Nėra duomenų"
		boilingPoint="Nėra duomenų"
		meltingTemperature="1527"
		spread="Dirbtinis"
		year="1952"
		radioactivity="Radioaktyvus" />
	<chTableElement  
	 	atomNumber="101" 
		symbol="Md" 
		name="Mendelevis" 
		atomicMass="258"
		ePosition="2, 8, 18, 32, 31, 8, 2"
		density="Nėra duomenų"
		boilingPoint="Nėra duomenų"
		meltingTemperature="827"
		spread="Dirbtinis"
		year="1955"
		radioactivity="Radioaktyvus" />
	<chTableElement  
	 	atomNumber="102" 
		symbol="No" 
		name="Nobelis" 
		atomicMass="259"
		ePosition="2, 8, 18, 32, 32, 8, 2"
		density="Nėra duomenų"
		boilingPoint="Nėra duomenų"
		meltingTemperature="827"
		spread="Dirbtinis"
		year="1958"
		radioactivity="Radioaktyvus" />
	<chTableElement  
	 	atomNumber="103" 
		symbol="Lr" 
		name="Lorencis" 
		atomicMass="262"
		ePosition="2, 8, 18, 32, 32, 9, 2"
		density="Nėra duomenų"
		boilingPoint="Nėra duomenų"
		meltingTemperature="1627"
		spread="Dirbtinis"
		year="1961"
		radioactivity="Radioaktyvus" />
	<chTableElement  
	 	atomNumber="104" 
		symbol="Rf" 
		name="Rezerfordis" 
		atomicMass="265"
		ePosition="2, 8, 18, 32, 32, 10, 2"
		density="17,0"
		boilingPoint="Nėra duomenų"
		meltingTemperature="Nėra duomenų"
		spread="Dirbtinis"
		year="1964"
		radioactivity="Radioaktyvus" />
	<chTableElement  
	 	atomNumber="105" 
		symbol="Db" 
		name="Dubnis" 
		atomicMass="268"
		ePosition="2, 8, 18, 32, 32, 11, 2"
		density="21,6"
		boilingPoint="Nėra duomenų"
		meltingTemperature="Nėra duomenų"
		spread="Dirbtinis"
		year="1967"
		radioactivity="Radioaktyvus" />
	<chTableElement  
	 	atomNumber="106" 
		symbol="Sg" 
		name="Siborgis" 
		atomicMass="271"
		ePosition="2, 8, 18, 32, 32, 12, 2"
		density="23,2"
		boilingPoint="Nėra duomenų"
		meltingTemperature="Nėra duomenų"
		spread="Dirbtinis"
		year="1974"
		radioactivity="Radioaktyvus" />
	<chTableElement  
	 	atomNumber="107" 
		symbol="Bh" 
		name="Boris" 
		atomicMass="272"
		ePosition="2, 8, 18, 32, 32, 13, 2"
		density="27,2"
		boilingPoint="Nėra duomenų"
		meltingTemperature="Nėra duomenų"
		spread="Dirbtinis"
		year="1981"
		radioactivity="Radioaktyvus" />
	<chTableElement  
	 	atomNumber="108" 
		symbol="Hs" 
		name="Hasis" 
		atomicMass="270"
		ePosition="2, 8, 18, 32, 32, 14, 2"
		density="28,6"
		boilingPoint="Nėra duomenų"
		meltingTemperature="Nėra duomenų"
		spread="Dirbtinis"
		year="1984"
		radioactivity="Radioaktyvus" />
	<chTableElement  
	 	atomNumber="109" 
		symbol="Mt" 
		name="Meitneris" 
		atomicMass="276"
		ePosition="2, 8, 18, 32, 32, 15, 2"
		density="28,2"
		boilingPoint="Nėra duomenų"
		meltingTemperature="Nėra duomenų"
		spread="Dirbtinis"
		year="1982"
		radioactivity="Radioaktyvus" />
	<chTableElement  
	 	atomNumber="110" 
		symbol="Ds" 
		name="Darmštatis" 
		atomicMass="281"
		ePosition="2, 8, 18, 32, 32, 17, 1"
		density="27,4"
		boilingPoint="Nėra duomenų"
		meltingTemperature="Nėra duomenų"
		spread="Dirbtinis"
		year="1994"
		radioactivity="Radioaktyvus" />
	<chTableElement  
	 	atomNumber="111" 
		symbol="Rg" 
		name="Rentgenis" 
		atomicMass="272"
		ePosition="2, 8, 18, 32, 32, 18, 1"
		density="Nėra duomenų"
		boilingPoint="Nėra duomenų"
		meltingTemperature="Nėra duomenų"
		spread="Dirbtinis"
		year="1994"
		radioactivity="Radioaktyvus" />
	<chTableElement  
	 	atomNumber="112" 
		symbol="Cp" 
		name="Kopernikas" 
		atomicMass="285"
		ePosition="2, 8, 18, 32, 32, 18, 2"
		density="Nėra duomenų"
		boilingPoint="Nėra duomenų"
		meltingTemperature="Nėra duomenų"
		spread="Dirbtinis"
		year="1996"
		radioactivity="Radioaktyvus" />
</xml>
