<?xml version="1.0" encoding="utf-8"?><xml><item id="59126684" name="Gamtos tyrimai"/><item id="59126685" name="Organizm&#x173; sandara ir funkcijos"/><item id="59126686" name="Gyvyb&#x117;s t&#x119;stinumas ir &#x12F;vairov&#x117;"/><item id="59126687" name="Organizmas ir aplinka. Biosfera ir &#x17E;mogus"/><item id="59126688" name="Med&#x17E;iag&#x173; sud&#x117;tis ir savyb&#x117;s"/><item id="59126689" name="Med&#x17E;iag&#x173; kitimai"/><item id="59126690" name="Svarbiausi&#x173; med&#x17E;iag&#x173; pa&#x17E;inimas ir panaudojimas"/><item id="59126691" name="Jud&#x117;jimo ir j&#x117;g&#x173; pa&#x17E;inimas"/><item id="59126692" name="Energijos ir fizikini&#x173; proces&#x173; pa&#x17E;inimas"/><item id="59126693" name="&#x17D;em&#x117;s ir Visatos pa&#x17E;inimas"/></xml>