<?xml version="1.0" encoding="utf-8"?>
<xml><id>3494</id><name>Klausa</name><author>Vardenis Pavardenis</author><descr>Aiškinsitės, kaip sudaryta žmogaus ausis, kaip garsas ausyse sukelia nervinius impulsus ir kur susidaro garso pojūtis. Sužinosite, kokią žalą gali padaryti triukšmas.</descr><mo_data><set><topic id="59131626"/><rules>1.7. Diskutuoti apie artimiausios aplinkos gyvenimo sąlygų gerinimo būdus, naudojantis gamtos mokslų laimėjimais, argumentuoti savo nuomonę šiais klausimais. Numatyti savo veiklos pasekmes ir vertinti jas vietovės bei globaliniu mastu.</rules><abilities></abilities><knowledge></knowledge></set><set><topic id="59131627"/><rules>2.6. Apibūdinti nervų sistemos vaidmenį reguliuojant organizmo veiklą, susieti psichiką veikiančių medžiagų poveikį organizmui su šio reguliavimo sutrikimais.</rules><abilities></abilities><knowledge></knowledge></set><set><topic id="59131634"/><rules>9.11. Apibūdinti mechaninius svyravimus ir mechanines bangas.</rules><abilities></abilities><knowledge></knowledge></set><set><topic id="59131626"/><rules>1.7. Diskutuoti apie artimiausios aplinkos gyvenimo sąlygų gerinimo būdus, naudojantis gamtos mokslų laimėjimais, argumentuoti savo nuomonę šiais klausimais. Numatyti savo veiklos pasekmes ir vertinti jas vietovės bei globaliniu mastu.</rules><abilities>1.7.3. Pateikti pavyzdžių, kaip mūsų pasirinktas asmeninis ir visuomenės gyvenimo būdas gali turėti įtakos ateities kartų gyvenimo sąlygoms.</abilities><knowledge></knowledge></set><set><topic id="59131627"/><rules>2.6. Apibūdinti nervų sistemos vaidmenį reguliuojant organizmo veiklą, susieti psichiką veikiančių medžiagų poveikį organizmui su šio reguliavimo sutrikimais.</rules><abilities>2.6.1. Apibūdinti žmogaus nervų sistemą ir jutimo organus.</abilities><knowledge></knowledge></set><set><topic id="59131634"/><rules>9.11. Apibūdinti mechaninius svyravimus ir mechanines bangas.</rules><abilities>9.11.9. Paaiškinti triukšmo poveikį žmogaus sveikatai, nusakyti triukšmo mažinimo būdus.</abilities><knowledge></knowledge></set></mo_data><path>http://gamta7-8.mkp.emokykla.lt/uploads/files/3377_object_file_1_20130201.swf</path><favourite>false</favourite><bgcolor>000000</bgcolor><uribase>data/mo/</uribase><loggedin>0</loggedin><xmldata>http://gamta7-8.mkp.emokykla.lt/uploads/files/3377_object_file_1_20130201.swf</xmldata></xml>
