<?xml version = "1.0" encoding = "utf-8"?> 
<xml> 
 <id>1744</id> 
 <name><![CDATA[Aidas]]></name> 
 <author></author> 
 <mo_data> 
 
<set> 
 <topic id="59126692" /> 
 <rules></rules> 
 <abilities></abilities> 
 <knowledge>9.11. Pagrįsti būtinumą saugoti klausą.</knowledge> 
 </set> 
<set> 
 <topic id="59126821" /> 
 <rules></rules> 
 <abilities></abilities> 
 <knowledge>9.11.3. Apibūdinti triukšmo poveikį žmogui.</knowledge> 
 </set> 
 </mo_data> 
 <descr><![CDATA[Nagrinėdami demonstraciją aiškinsitės, kaip susidaro aidas.]]></descr> 
 <path>data/mo/mo.swf</path> 
 <bgcolor>000000</bgcolor> 
 <favourite>false</favourite> 
 <xmldata>data/mo/mo.swf</xmldata> 
 </xml>