<?xml version="1.0" encoding="utf-8"?>
<xml><id>3455</id><name>Tankis</name><author>Vardenis Pavardenis</author><descr>Stebėdami demonstraciją išsiaiškinsite, kas yra medžiagos tankis. Nustatysite, ar jis kinta keičiant medžiagos masę ir tūrį. Sužinosite, kodėl įvairių medžiagų tankis skirtingas.</descr><mo_data><set><topic id="59131630"/><rules>5.4. Pasigaminti vandeninius tirpalus, kai jų koncentracija nurodyta procentais ar masės dalimis. Spręsti tirpalų sudėties, išreikštos masės dalimis, uždavinius. Eksperimentiškai išmatuoti medžiagos tūrį ir masę, apskaičiuoti jos tankį.</rules><abilities></abilities><knowledge></knowledge></set><set><topic id="59131630"/><rules>5.4. Pasigaminti vandeninius tirpalus, kai jų koncentracija nurodyta procentais ar masės dalimis. Spręsti tirpalų sudėties, išreikštos masės dalimis, uždavinius. Eksperimentiškai išmatuoti medžiagos tūrį ir masę, apskaičiuoti jos tankį.</rules><abilities>5.4.3. Paaiškinti medžiagos masės, tūrio  ir tankio sąvokas.</abilities><knowledge></knowledge></set></mo_data><path>http://gamta7-8.mkp.emokykla.lt/uploads/files/3630_object_file_1_20130201.swf</path><favourite>false</favourite><bgcolor>000000</bgcolor><uribase>data/mo/</uribase><loggedin>0</loggedin><xmldata>http://gamta7-8.mkp.emokykla.lt/uploads/files/3630_object_file_1_20130201.swf</xmldata></xml>
