<?xml version="1.0" encoding="utf-8"?>
<xml><id>3401</id><name>Garso greitis įvairiose terpėse</name><author>Vardenis Pavardenis</author><descr>Apskaičiuosite ir palyginsite garso greitį pliene, sidabre ir vandenyje. Išsiaiškinsite, kodėl garso greitis nevienodas skirtingose terpėse.</descr><mo_data><set><topic id="59131634"/><rules>9.11. Apibūdinti mechaninius svyravimus ir mechanines bangas.</rules><abilities></abilities><knowledge></knowledge></set><set><topic id="59131634"/><rules>9.11. Apibūdinti mechaninius svyravimus ir mechanines bangas.</rules><abilities>9.11.7. Nurodyti garso kilmę ir pagrindines jo savybes. Apibūdinti garso sklidimo įvairiose terpėse ypatybes.</abilities><knowledge></knowledge></set></mo_data><path>http://gamta7-8.mkp.emokykla.lt/uploads/files/1532_object_file_1_20130201.swf</path><favourite>false</favourite><bgcolor>000000</bgcolor><uribase>data/mo/</uribase><loggedin>0</loggedin><xmldata>http://gamta7-8.mkp.emokykla.lt/uploads/files/1532_object_file_1_20130201.swf</xmldata></xml>
