<?xml version="1.0" encoding="utf-8"?>
<xml><id>3488</id><name>Rega</name><author>Vardenis Pavardenis</author><descr>Naudodamiesi demonstracija susipažinsite su akies sandara ir išsiaiškinsite, kaip akis prisitaiko matyti įvairiai nutolusius daiktus.</descr><mo_data><set><topic id="59131627"/><rules>2.6. Apibūdinti nervų sistemos vaidmenį reguliuojant organizmo veiklą, susieti psichiką veikiančių medžiagų poveikį organizmui su šio reguliavimo sutrikimais.</rules><abilities></abilities><knowledge></knowledge></set><set><topic id="59131634"/><rules>9.12. Apibūdinti šviesos reiškinius.</rules><abilities></abilities><knowledge></knowledge></set><set><topic id="59131627"/><rules>2.6. Apibūdinti nervų sistemos vaidmenį reguliuojant organizmo veiklą, susieti psichiką veikiančių medžiagų poveikį organizmui su šio reguliavimo sutrikimais.</rules><abilities>2.6.1. Apibūdinti žmogaus nervų sistemą ir jutimo organus.</abilities><knowledge></knowledge></set><set><topic id="59131634"/><rules>9.12. Apibūdinti šviesos reiškinius.</rules><abilities>9.12.3. Paaiškinti akies veikimą, dažniausius regos sutrikimus.</abilities><knowledge></knowledge></set></mo_data><path>http://gamta7-8.mkp.emokykla.lt/uploads/files/3434_object_file_1_20130201.swf</path><favourite>false</favourite><bgcolor>000000</bgcolor><uribase>data/mo/</uribase><loggedin>0</loggedin><xmldata>http://gamta7-8.mkp.emokykla.lt/uploads/files/3434_object_file_1_20130201.swf</xmldata></xml>
