<?xml version="1.0" encoding="utf-8"?>
<xml><id>3214</id><name>Vienalyčiai ir įvairialyčiai mišiniai</name><author>Vardenis Pavardenis</author><descr>Analizuodami įvairių mišinių vaizdus padarysite išvadą, kuo skiriasi vienalyčiai ir įvairialyčiai mišiniai, kodėl vieni yra stabilūs, o kiti ilgainiui išsisluoksniuoja.</descr><mo_data><set><topic id="59131630"/><rules>5.3. Išskirstyti mišinius sijojimo, filtravimo, nusistovėjimo, garinimo būdais. Sieti mišinių išskirstymo būdą su mišinį sudarančių medžiagų savybėmis.</rules><abilities></abilities><knowledge></knowledge></set><set><topic id="59131632"/><rules>7.2. Tiriamų medžiagų savybes sieti su jų naudojimu ir poveikiu žmogui.</rules><abilities></abilities><knowledge></knowledge></set><set><topic id="59131630"/><rules>5.3. Išskirstyti mišinius sijojimo, filtravimo, nusistovėjimo, garinimo būdais. Sieti mišinių išskirstymo būdą su mišinį sudarančių medžiagų savybėmis.</rules><abilities>5.3.1. Apibūdinti vienalyčių ir nevienalyčių mišinių sudėtį.</abilities><knowledge></knowledge></set><set><topic id="59131632"/><rules>7.2. Tiriamų medžiagų savybes sieti su jų naudojimu ir poveikiu žmogui.</rules><abilities>7.2.4. Paaiškinti ir įvertinti natūralių ir dirbtinių medžiagų pranašumus ir trūkumus, siejant su jų naudojimu kasdienėje veikloje.</abilities><knowledge></knowledge></set></mo_data><path>http://gamta7-8.mkp.emokykla.lt/uploads/files/585_object_file_1_20130201.swf</path><favourite>false</favourite><bgcolor>000000</bgcolor><uribase>data/mo/</uribase><loggedin>0</loggedin><xmldata>http://gamta7-8.mkp.emokykla.lt/uploads/files/585_object_file_1_20130201.swf</xmldata></xml>
