<?xml version="1.0" encoding="utf-8"?>
<xml>
	<template id="1" title="pavadinimas 1r">tt_gamta56/1r.swf|tt_gamta56/1m.swf</template>
	<template id="2" title="pavadinimas 1c">tt_gamta56/2r.swf|tt_gamta56/2m.swf</template>
	<template id="3" title="pavadinimas 2 ">tt_gamta56/3r.swf|tt_gamta56/3m.swf</template>
	<template id="4" title="pavadinimas 2 ">tt_gamta56/2a.swf</template>
	<template id="5" title="pavadinimas 2 ">tt_gamta56/3a.swf</template>
	<template id="6" title="pavadinimas 3 ">tt_gamta56/3b.swf</template>
	<template id="7" title="pavadinimas 3 ">tt_gamta56/3c.swf</template>
	<template id="8" title="pavadinimas 3 ">tt_gamta56/3e.swf</template>
	<template id="9" title="pavadinimas 3 ">tt_gamta56/3d.swf</template>
	<template id="10" title="pavadinimas 3">tt_gamta56/4a.swf</template>
	<template id="11" title="pavadinimas 4">tt_gamta56/4b.swf</template>
	<template id="12" title="pavadinimas 4">tt_gamta56/5a.swf</template>
	<template id="13" title="pavadinimas 5">tt_gamta56/5b.swf</template>
	<template id="14" title="pavadinimas 5">tt_gamta56/6a.swf</template>
	<template id="15" title="pavadinimas 6">tt_gamta56/7a.swf</template>
	<template id="16" title="pavadinimas 7">tt_gamta56/7b.swf</template>
	<template id="17" title="pavadinimas 4">tt_gamta56/8a.swf</template>
	<template id="18" title="pavadinimas 4">tt_gamta56/9a.swf</template>
	<template id="19" title="pavadinimas 5">tt_gamta56/10a.swf</template>
	<template id="20" title="pavadinimas 5">tt_gamta56/10b.swf</template>
	<template id="21" title="pavadinimas 6">tt_gamta56/11a.swf</template>
	<template id="22" title="pavadinimas 7">tt_gamta56/12a.swf</template>
</xml>